"Name","Nationality","Position","Team","Age","Goals","Assists","MatchedPlayed","YellowCards","RedCards","xG","Tackles","Interceptions","Blocks","SoT.90","PercentPassesCompleted","market_value_in_eur","predictions","Season"
Aaron Cresswell","ENG","DF","West Ham",34,0,0,5,1,0,0,1,1,3,0,83.1,900000,-1857410.49,"2023/2024"
Aaron Hickey","SCO","DF","Brentford",21,0,0,9,5,0,0.2,16,3,7,0.13,87.7,30000000,14949090.51,"2023/2024"
Aaron Ramsdale","ENG","GK","Arsenal",25,0,0,6,0,0,0,0,0,0,0,69.7,28000000,10460453.22,"2023/2024"
Aaron Ramsey","ENG","MF,FW","Burnley",21,0,0,14,1,0,0.3,17,1,11,0.34,78.1,15000000,8869933.31,"2023/2024"
Aaron Wan-Bissaka","ENG","DF","Manchester Utd",26,0,1,12,3,0,0.1,25,20,14,0.1,82.8,20000000,13324183.59,"2023/2024"
Abdoulaye Doucouré","MLI","FW","Everton",31,6,0,22,5,0,6.3,30,13,19,0.83,76.5,12000000,17854921.33,"2023/2024"
Adam Lallana","ENG","MF","Brighton",35,0,1,20,2,0,0.3,7,2,2,0.27,90,1000000,5302659.06,"2023/2024"
Adam Smith","ENG","DF","Bournemouth",32,0,2,19,4,0,0,20,15,17,0,76.8,1000000,-1295344.12,"2023/2024"
Adam Webster","ENG","DF","Brighton",29,0,0,10,2,0,0.3,11,9,7,0,91.4,20000000,12941437.91,"2023/2024"
Adam Wharton","ENG","MF","Crystal Palace",19,0,0,6,1,0,0.1,16,8,5,0,74.7,10000000,14756669.11,"2023/2024"
Adama Traoré","ESP","FW","Fulham",28,1,1,9,1,0,1.2,2,0,0,3.33,75,9000000,7127718.22,"2023/2024"
Albert Sambi Lokonga","BEL","MF","Luton Town",24,0,2,12,2,0,0.4,20,6,21,0.1,87.4,12000000,21142336.51,"2023/2024"
Alejandro Garnacho","ARG","FW","Manchester Utd",19,5,3,26,4,0,5.7,16,13,21,0.81,74.4,30000000,39045397.03,"2023/2024"
Alejo Véliz","ARG","FW","Tottenham",20,1,0,8,1,0,0.2,1,0,0,1.8,50,11000000,19348411.43,"2023/2024"
Alex Iwobi","NGA","MF","Fulham",27,5,1,20,2,0,4.6,17,13,11,0.9,79.7,28000000,29573228.76,"2023/2024"
Alex Scott","ENG","MF","Bournemouth",20,1,1,15,2,0,0.5,15,11,10,0.26,74.4,20000000,13467819.77,"2023/2024"
Alexander Isak","SWE","FW","Newcastle Utd",24,12,0,20,0,0,10.9,3,3,7,1.41,77.4,70000000,42239515.13,"2023/2024"
Alexis Mac Allister","ARG","MF","Liverpool",25,3,4,23,5,1,2,64,27,51,0.25,86.5,65000000,27574346.9,"2023/2024"
Alfie Doughty","ENG","DF","Luton Town",24,1,7,27,3,0,0.9,42,20,29,0.13,65.4,4500000,21853729.71,"2023/2024"
Alfie Gilchrist","ENG","DF","Chelsea",20,0,0,5,0,0,0,1,1,1,0,71.4,300000,12231796.42,"2023/2024"
Alisson","BRA","GK","Liverpool",31,0,0,21,1,0,0,0,0,0,0,85.3,32000000,16169979.9,"2023/2024"
Alphonse Areola","FRA","GK","West Ham",31,0,0,25,1,0,0,1,1,0,0,65.3,10000000,3945245.36,"2023/2024"
Amad Diallo","CIV","FW","Manchester Utd",21,0,0,2,0,0,0.1,3,0,0,1.87,88.6,18000000,11980580.74,"2023/2024"
Amadou Onana","BEL","MF","Everton",22,2,0,22,4,0,1.8,54,13,17,0.32,84.1,50000000,27848107.88,"2023/2024"
Amari'i Bell","JAM","DF","Luton Town",29,0,0,21,0,0,0.3,51,25,34,0.1,77.2,2500000,11453415.46,"2023/2024"
Ameen Al-Dakhil","BEL","DF","Burnley",22,1,0,13,1,0,1.3,12,12,13,0.26,84.3,15000000,16430078.59,"2023/2024"
Andre Brooks","ENG","MF","Sheffield Utd",20,0,0,13,1,0,0.2,10,9,11,0.14,73,2500000,9214688.28,"2023/2024"
Andreas Pereira","BRA","MF","Fulham",28,1,5,28,5,0,2,17,3,13,0.47,70.5,20000000,18166116.09,"2023/2024"
Andrew Omobamidele","IRL","DF","Nott'ham Forest",21,0,0,7,2,0,0,9,10,8,0,86.3,11000000,16891556.18,"2023/2024"
Andrew Robertson","SCO","DF","Liverpool",30,1,1,15,2,0,0.7,26,9,10,0.17,81.3,35000000,13928504.46,"2023/2024"
Andrey Santos","BRA","MF","Nott'ham Forest",19,0,0,1,0,0,0.1,0,0,1,0,100,14000000,33875582.03,"2023/2024"
Andros Townsend","ENG","MF","Luton Town",32,1,3,19,1,0,1.1,16,4,11,0.64,68.5,1800000,5929417.2,"2023/2024"
André Gomes","POR","MF","Everton",30,1,0,5,2,0,0.2,2,1,7,1.8,72.7,12000000,7422225.63,"2023/2024"
André Onana","CMR","GK","Manchester Utd",27,0,0,28,4,0,0,1,0,0,0,73.9,40000000,16088629.45,"2023/2024"
Angelo Ogbonna","ITA","DF","West Ham",35,0,0,7,0,0,0,3,2,10,0,87.6,700000,-3864542.14,"2023/2024"
Ansu Fati","ESP","FW","Brighton",21,2,0,15,2,0,3.3,4,3,7,1.89,84,30000000,16839015.74,"2023/2024"
Anthony Elanga","SWE","MF","Nott'ham Forest",21,5,7,27,1,0,5.9,29,7,20,0.98,66.7,18000000,40303595.53,"2023/2024"
Anthony Gordon","ENG","FW","Newcastle Utd",23,9,5,27,8,0,7.8,41,5,24,0.91,78.7,50000000,48561128.63,"2023/2024"
Anthony Martial","FRA","FW","Manchester Utd",28,1,0,13,0,0,1.2,4,0,4,0.8,78.4,15000000,6809991.49,"2023/2024"
Antoine Semenyo","GHA","FW","Bournemouth",24,5,1,24,4,0,3.1,16,6,25,1.45,71.2,10000000,22279430.04,"2023/2024"
Antonee Robinson","USA","DF","Fulham",26,0,5,27,4,0,0.5,73,65,38,0.15,72.9,20000000,25587522.11,"2023/2024"
Antony","BRA","FW","Manchester Utd",24,0,0,22,3,0,1.5,28,8,20,0.47,76.4,35000000,17274878.66,"2023/2024"
Antwoine Hackford","ENG","FW","Sheffield Utd",19,0,0,2,0,0,0,0,0,0,0,100,500000,6990116.13,"2023/2024"
Armando Broja","ALB","FW","Fulham",22,0,1,4,0,0,0,0,0,1,0,66.7,28000000,12819427.75,"2023/2024"
Arnaut Danjuma","NED","FW","Everton",27,1,0,14,0,0,2.6,6,3,4,1.36,67.1,17000000,9650353.16,"2023/2024"
Ashley Young","ENG","MF","Everton",38,0,0,21,6,1,0.4,29,16,14,0.06,68.8,600000,-6316852.35,"2023/2024"
Auston Trusty","USA","DF","Sheffield Utd",25,0,0,22,4,0,0.3,36,18,25,0.05,73.1,8000000,7009032.08,"2023/2024"
Axel Disasi","FRA","DF","Chelsea",26,2,0,25,6,0,1.4,29,16,20,0.16,89.9,42000000,35509724.02,"2023/2024"
Aymeric Laporte","ESP","DF","Manchester City",29,0,0,1,0,0,0,0,0,1,7.5,100,25000000,6578563.33,"2023/2024"
Bart Verbruggen","NED","GK","Brighton",21,0,0,13,2,0,0,1,0,0,0,92.1,15000000,23917694.7,"2023/2024"
Ben Chilwell","ENG","DF","Chelsea",27,0,1,12,5,0,1.2,15,4,11,0.36,74.9,30000000,19088354.93,"2023/2024"
Ben Davies","WAL","DF","Tottenham",30,1,0,16,1,0,2.3,21,10,16,0.18,90.8,15000000,20036270.01,"2023/2024"
Ben Doak","SCO","FW","Liverpool",18,0,0,1,0,0,0,0,0,0,0,100,10000000,10867497.11,"2023/2024"
Ben Godfrey","ENG","DF","Everton",26,0,0,9,2,0,1.4,21,8,9,0.4,69.2,8000000,6035280.35,"2023/2024"
Ben Johnson","ENG","DF","West Ham",24,0,0,9,1,0,0.2,7,5,1,0.23,73,8000000,6422753.15,"2023/2024"
Ben Mee","ENG","DF","Brentford",34,2,0,16,1,1,1.5,26,13,21,0.14,76.6,1000000,2129670.56,"2023/2024"
Ben Osborn","ENG","MF","Sheffield Utd",29,0,1,15,2,0,0.2,10,2,9,0,72.8,1000000,611564.08,"2023/2024"
Ben White","ENG","DF","Arsenal",26,2,4,27,5,0,0.7,31,24,30,0.17,84.5,55000000,32858850.3,"2023/2024"
Benoît Badiashile","FRA","DF","Chelsea",22,0,1,8,1,0,0.1,13,5,9,0.16,90,35000000,24141583.77,"2023/2024"
Benson Manuel","BEL","MF","Burnley",26,0,0,6,0,0,0,3,0,1,0.98,81.6,6000000,8057076.5,"2023/2024"
Bernardo Silva","POR","MF","Manchester City",29,6,4,24,7,0,2.9,38,11,21,0.57,85.5,80000000,50278708.83,"2023/2024"
Bernd Leno","GER","GK","Fulham",32,0,0,28,3,0,0,0,0,0,0,78.7,13000000,9882533.91,"2023/2024"
Bertrand Traoré","BFA","DF","Aston Villa",28,0,0,2,0,0,0,1,0,0,0,66.7,10000000,2171149.83,"2023/2024"
Beto","GNB","FW","Everton",26,2,0,23,2,0,4.7,14,0,9,0.97,61.1,22000000,14200099.03,"2023/2024"
Billy Gilmour","SCO","MF","Brighton",22,0,1,25,5,1,0.9,21,8,21,0.25,91.2,18000000,36980398.3,"2023/2024"
Bobby Clark","ENG","MF","Liverpool",19,0,0,5,0,0,0.1,2,1,6,0,77.6,350000,15910110.91,"2023/2024"
Boubacar Kamara","FRA","MF","Aston Villa",24,0,1,20,7,1,0.1,43,21,21,0.05,89.1,38000000,25836537.88,"2023/2024"
Boubacar Traoré","MLI","MF","Wolves",22,0,0,14,1,0,0.1,13,3,7,0,83.6,6000000,15709279.36,"2023/2024"
Brennan Johnson","WAL","FW","Tottenham",22,4,6,21,1,0,5,18,6,19,1.05,70.1,48000000,37786490.76,"2023/2024"
Bruno Fernandes","POR","MF","Manchester Utd",29,4,6,27,8,0,7.2,56,20,35,0.89,72,70000000,36047712.12,"2023/2024"
Bruno Guimarães","BRA","MF","Newcastle Utd",26,3,5,27,9,0,2.6,55,25,40,0.34,84.9,85000000,44134089.49,"2023/2024"
Bryan Gil","ESP","FW","Tottenham",23,0,0,10,0,0,0.7,1,3,3,0.46,80.7,16000000,14584190.17,"2023/2024"
Bryan Mbeumo","CMR","FW","Brentford",24,7,3,15,1,0,8.5,12,5,14,0.91,69.3,38000000,34510960.12,"2023/2024"
Bukayo Saka","ENG","FW","Arsenal",22,13,8,27,3,0,11.5,49,10,37,0.95,75.4,120000000,77610028.39,"2023/2024"
Callum Hudson-Odoi","ENG","MF","Nott'ham Forest",23,4,1,19,0,0,1.2,10,4,10,0.67,77.5,12000000,25853773.54,"2023/2024"
Callum Wilson","ENG","FW","Newcastle Utd",32,7,1,16,2,0,7.2,4,1,5,1.57,65.5,13000000,17722485.89,"2023/2024"
Calum Chambers","ENG","DF","Aston Villa",29,0,0,1,0,0,0,0,0,0,0,94.4,5000000,6289631.74,"2023/2024"
Calvin Bassey","NGA","DF","Fulham",24,1,0,19,4,1,0.2,27,23,21,0.06,86.2,16000000,23882685.43,"2023/2024"
Cameron Archer","ENG","MF","Aston Villa",22,0,0,1,1,0,0,0,0,0,0,83.3,18000000,7505565.83,"2023/2024"
Caoimhín Kelleher","IRL","GK","Liverpool",25,0,0,7,0,0,0,0,0,0,0,76.7,15000000,13570085.19,"2023/2024"
Carlos Baleba","CMR","MF","Brighton",20,0,0,17,5,0,0.6,27,12,18,0.24,92.3,20000000,18318880.11,"2023/2024"
Carlos Vinícius","BRA","FW","Fulham",28,2,0,13,2,0,1.6,3,0,4,1.43,74.2,6000000,8751464.5,"2023/2024"
Carlton Morris","ENG","FW","Luton Town",28,8,4,28,2,0,8,9,1,14,0.83,62.7,13000000,24337073.38,"2023/2024"
Carney Chukwuemeka","ENG","MF","Chelsea",20,1,1,6,2,0,0.1,2,0,1,1.05,85.1,15000000,25064995.27,"2023/2024"
Casemiro","BRA","MF","Manchester Utd",32,1,1,15,4,0,2.4,50,11,47,0.46,82.6,30000000,12623367.36,"2023/2024"
Cauley Woodrow","ENG","FW","Luton Town",29,1,0,15,2,0,1.1,10,0,2,1.08,68.1,1000000,5384325.54,"2023/2024"
Cesare Casadei","ITA","MF","Chelsea",21,0,0,3,0,0,0,2,0,1,0,77.3,10000000,13869401.6,"2023/2024"
Charlie Taylor","ENG","DF","Burnley",30,1,1,20,6,0,0.1,29,16,21,0.05,76.7,3000000,4963325.74,"2023/2024"
Cheick Doucouré","MLI","MF","Crystal Palace",24,0,0,11,2,0,0.3,34,20,13,0.2,87,35000000,16025520.83,"2023/2024"
Cheikhou Kouyaté","SEN","MF","Nott'ham Forest",34,0,0,11,2,0,0.3,8,2,4,0.43,63.5,1000000,2758656.87,"2023/2024"
Chiedozie Ogbene","IRL","DF","Luton Town",26,3,1,27,1,0,3.6,15,4,10,0.65,74.3,3000000,24761477.3,"2023/2024"
Chris Basham","ENG","MF","Sheffield Utd",35,0,0,8,1,0,0.1,7,5,9,0,74.6,300000,-3789751.16,"2023/2024"
Chris Mepham","WAL","DF","Bournemouth",26,0,1,9,2,0,0.1,8,7,9,0.17,83.1,7000000,11491278.4,"2023/2024"
Chris Richards","USA","DF","Crystal Palace",23,1,0,19,2,0,0.3,35,21,26,0.06,81.6,8000000,13442875.08,"2023/2024"
Chris Wood","NZL","FW","Nott'ham Forest",32,8,1,21,0,0,5.5,2,1,7,1.21,62,7000000,17942533.63,"2023/2024"
Christian Eriksen","DEN","MF","Manchester Utd",32,1,1,16,1,0,0.7,14,3,14,0.41,79.6,13000000,6294312.08,"2023/2024"
Christian Nørgaard","DEN","MF","Brentford",30,2,1,26,8,0,3.4,73,46,40,0.29,78.7,20000000,15545794.39,"2023/2024"
Christopher Nkunku","FRA","FW","Chelsea",26,2,0,7,0,0,1.7,2,2,3,1.41,87.9,75000000,19816348.58,"2023/2024"
Clément Lenglet","FRA","DF","Aston Villa",28,0,1,11,2,0,0.8,8,5,15,0.1,89,8000000,16845295.62,"2023/2024"
Cody Gakpo","NED","FW","Liverpool",24,5,3,26,0,0,6,18,8,18,1.24,75.7,50000000,30135972.35,"2023/2024"
Cole Palmer","ENG","MF","Manchester City",21,0,0,1,0,0,0,0,0,0,0,80,45000000,13583785.04,"2023/2024"
Conor Bradley","NIR","DF","Liverpool",20,1,3,6,1,0,0.7,19,5,10,0.82,75.6,2000000,22951183.63,"2023/2024"
Conor Gallagher","ENG","MF","Chelsea",24,2,5,26,7,1,2.4,68,33,40,0.49,88.5,42000000,43065559.76,"2023/2024"
Craig Dawson","ENG","DF","Wolves",33,1,1,25,7,0,1.5,30,16,51,0.2,86.5,2000000,15541052.47,"2023/2024"
Cristian Romero","ARG","DF","Tottenham",25,4,0,22,4,1,1.6,45,31,28,0.25,92.1,65000000,44294827.96,"2023/2024"
Curtis Jones","ENG","MF","Liverpool",23,1,1,17,1,1,1.8,21,6,17,0.38,90.4,30000000,23905417.79,"2023/2024"
Cédric Soares","POR","DF","Arsenal",32,0,0,3,0,0,0,0,0,0,0,87,2000000,1920708.99,"2023/2024"
Daiki Hashioka","JPN","DF","Luton Town",24,0,0,3,0,0,0.1,2,0,0,0,77,2000000,14157810.89,"2023/2024"
Dan Burn","ENG","DF","Newcastle Utd",31,2,2,23,3,0,2.4,46,26,35,0.25,80,10000000,19007123.48,"2023/2024"
Dane Scarlett","ENG","FW","Tottenham",19,0,0,1,0,0,0,0,0,0,0,0,1800000,8452487.68,"2023/2024"
Dango Ouattara","BFA","FW","Bournemouth",22,1,1,20,2,0,1.8,26,9,9,0.4,67.5,20000000,12590252.85,"2023/2024"
Daniel Bentley","ENG","GK","Wolves",30,0,0,4,0,0,0,0,0,0,0,68.4,2000000,4807584.59,"2023/2024"
Daniel Muñoz","COL","DF","Crystal Palace",27,0,1,6,3,0,0.6,12,8,10,0,78.9,10000000,8241385.48,"2023/2024"
Danilo","BRA","MF","Nott'ham Forest",22,1,0,21,3,0,0.6,21,19,19,0.32,79.5,12000000,20064676.71,"2023/2024"
Danny Ings","ENG","FW","West Ham",31,1,0,14,1,0,1.1,5,2,4,1.02,62.3,9000000,-1138088.64,"2023/2024"
Danny Welbeck","ENG","FW","Brighton",33,3,1,19,2,0,3.6,17,5,10,1.05,85,6000000,12953239.92,"2023/2024"
Dara O'Shea","IRL","DF","Burnley",25,1,3,24,5,0,0.5,21,22,31,0.13,79.7,7000000,19028307,"2023/2024"
Darwin Núñez","URU","FW","Liverpool",24,10,7,26,8,0,13.5,19,2,17,2.12,70.5,65000000,52385773.82,"2023/2024"
David Brooks","WAL","FW","Bournemouth",26,1,1,13,1,0,2.2,5,2,3,1.6,72,12000000,12745376.72,"2023/2024"
David Datro Fofana","CIV","FW","Burnley",21,3,1,7,1,0,2.3,6,0,5,1.24,61.8,8000000,19236738.4,"2023/2024"
David Raya","ESP","GK","Arsenal",28,0,0,22,0,0,0,1,0,0,0,76.1,35000000,14566703.57,"2023/2024"
Davinson Sánchez","COL","DF","Tottenham",27,0,0,1,1,0,0.1,0,1,3,0,90.7,16000000,13688108.94,"2023/2024"
Dean Henderson","ENG","GK","Crystal Palace",27,0,0,8,1,0,0,0,0,0,0,59.9,12000000,8868315.68,"2023/2024"
Declan Rice","ENG","MF","Arsenal",25,6,5,28,3,0,2.2,55,35,31,0.53,89.6,110000000,49568326.43,"2023/2024"
Deivid Washington","BRA","DF","Chelsea",18,0,0,1,0,0,0.5,1,0,0,0,100,9000000,13178224.82,"2023/2024"
Dejan Kulusevski","SWE","FW","Tottenham",23,6,3,25,6,0,3.5,46,12,15,0.72,77.2,55000000,50984588.75,"2023/2024"
Destiny Udogie","ITA","DF","Tottenham",21,2,3,23,7,1,2.3,63,33,23,0.19,85.4,40000000,45948452.08,"2023/2024"
Diego Carlos","BRA","DF","Aston Villa",30,0,0,18,3,0,0.6,17,10,13,0.08,87.8,16000000,18245308.02,"2023/2024"
Diogo Dalot","POR","DF","Manchester Utd",24,1,2,26,6,1,0.9,56,27,34,0.16,80.3,35000000,23945245.62,"2023/2024"
Diogo Jota","POR","FW","Liverpool",27,9,3,19,3,1,4.4,23,6,8,1.46,73.4,50000000,35908850.53,"2023/2024"
Divin Mubama","ENG","FW","West Ham",19,0,0,5,0,0,0.1,0,0,0,0,72.7,1000000,11584753.72,"2023/2024"
Divock Origi","BEL","FW","Nott'ham Forest",28,0,1,14,1,0,0.7,4,1,5,0.45,61,5000000,11559585.89,"2023/2024"
Dominic Calvert-Lewin","ENG","FW","Everton",26,3,1,24,1,0,9.3,9,3,11,0.97,56.3,22000000,16753360.43,"2023/2024"
Dominic Solanke","ENG","FW","Bournemouth",26,15,3,28,2,0,15.9,17,3,20,1.05,74.6,25000000,47039123.64,"2023/2024"
Dominik Szoboszlai","HUN","MF","Liverpool",23,3,2,23,1,0,2.4,29,11,32,0.57,82.8,75000000,35342092.26,"2023/2024"
Donny van de Beek","NED","DF","Manchester Utd",26,0,0,1,0,0,0,0,0,1,0,100,9000000,24664952.18,"2023/2024"
Douglas Luiz","BRA","MF","Aston Villa",25,9,5,27,7,0,6.6,50,18,29,0.46,85.9,60000000,53267229.67,"2023/2024"
Dwight McNeil","ENG","MF","Everton",24,2,5,25,1,0,2.8,30,14,35,0.49,67.7,20000000,22645455.08,"2023/2024"
Eberechi Eze","ENG","MF","Crystal Palace",25,6,1,18,3,0,5.5,24,6,14,1.37,77,48000000,31298398.95,"2023/2024"
Eddie Nketiah","ENG","FW","Arsenal",24,5,2,24,3,0,4.4,12,4,11,0.94,78.8,35000000,23418488.39,"2023/2024"
Ederson","BRA","GK","Manchester City",30,0,0,27,5,0,0,0,0,0,0,86.8,40000000,30429379.32,"2023/2024"
Edson Álvarez","MEX","MF","West Ham",26,1,1,24,9,0,1.3,63,30,42,0.14,85.4,35000000,21356015.71,"2023/2024"
Elijah Adebayo","ENG","FW","Luton Town",26,9,0,23,1,0,5.9,1,5,8,0.93,72.3,7000000,25974430.28,"2023/2024"
Elliot Anderson","SCO","MF","Newcastle Utd",21,0,1,11,0,0,0.7,10,2,7,0.41,82.6,13000000,18851027.24,"2023/2024"
Emerson Palmieri","ITA","DF","West Ham",29,1,2,26,7,0,1.1,78,31,32,0.12,81.4,12000000,17057198.27,"2023/2024"
Emil Krafth","SWE","DF","Newcastle Utd",29,0,0,7,0,0,0.1,4,0,0,0,88.8,2500000,10678363,"2023/2024"
Emile Smith Rowe","ENG","MF","Arsenal",23,0,1,10,0,0,1.5,3,1,3,1.53,88.1,25000000,14479641.81,"2023/2024"
Emiliano Martínez","ARG","GK","Aston Villa",31,0,0,27,4,0,0,0,0,0,0,83.5,4000000,17174020.04,"2023/2024"
Enes Ünal","TUR","FW","Bournemouth",26,1,1,6,0,0,0.7,0,0,0,3.53,69.2,25000000,12287358.74,"2023/2024"
Enzo Fernández","ARG","MF","Chelsea",23,3,1,24,6,0,5.7,47,16,34,0.53,84.9,80000000,44409070.85,"2023/2024"
Eric Dier","ENG","DF","Tottenham",30,0,0,4,0,0,0,2,2,3,0,88.7,12000000,6595547.34,"2023/2024"
Erling Haaland","NOR","FW","Manchester City",23,18,5,23,1,0,20.9,5,1,9,1.83,75.2,180000000,65699908.24,"2023/2024"
Ethan Pinnock","JAM","DF","Brentford",30,1,0,23,0,0,1.7,32,36,34,0.13,83.3,15000000,17291039.29,"2023/2024"
Evan Ferguson","IRL","FW","Brighton",19,6,0,26,1,0,4.6,14,2,10,1.32,80.5,65000000,22954060.89,"2023/2024"
Ezri Konsa","ENG","DF","Aston Villa",26,0,0,25,5,0,1.9,37,25,25,0.12,91.7,35000000,33881575.51,"2023/2024"
Fabian Schär","SUI","DF","Newcastle Utd",32,3,1,28,4,0,2.4,30,25,40,0.29,83.6,10000000,34549791.97,"2023/2024"
Facundo Buonanotte","ARG","FW","Brighton",19,3,1,19,6,0,1.9,31,5,18,0.57,82.7,12000000,23255934.34,"2023/2024"
Facundo Pellistri","URU","FW","Manchester Utd",22,0,1,9,0,0,0.7,5,1,7,1.05,75.9,10000000,11595930.06,"2023/2024"
Felipe","BRA","DF","Nott'ham Forest",34,0,0,5,3,0,0.1,9,1,2,0,85.4,1500000,6476620.06,"2023/2024"
Fodé Ballo-Touré","SEN","DF","Fulham",27,0,0,5,1,0,0,3,3,1,0,71.4,3000000,6287317.69,"2023/2024"
Frank Onyeka","NGA","MF","Brentford",26,0,2,21,8,0,1.9,34,21,15,0.66,76.8,9000000,8316010.84,"2023/2024"
Fábio Silva","POR","FW","Wolves",21,0,0,8,2,0,1,7,2,1,1.02,80.3,13000000,15096816.19,"2023/2024"
Gabriel Jesus","BRA","FW","Arsenal",26,4,3,19,5,0,5.4,19,8,16,1.34,79.2,70000000,29171049.14,"2023/2024"
Gabriel Martinelli","BRA","FW","Arsenal",22,6,4,25,1,0,5.6,19,4,18,0.77,78.1,85000000,48715248.68,"2023/2024"
Gabriel Osho","NGA","DF","Luton Town",25,2,0,16,3,0,1,31,29,34,0.13,80.6,1000000,13169986.28,"2023/2024"
George Baldock","GRE","DF","Sheffield Utd",31,0,1,13,4,0,0,18,10,14,0,73.3,2500000,4570921.04,"2023/2024"
Giovani Lo Celso","ARG","MF","Tottenham",27,2,2,12,1,0,0.4,16,4,3,0.86,90.1,16000000,23139035,"2023/2024"
Gonzalo Montiel","ARG","DF","Nott'ham Forest",27,0,2,9,4,0,0.1,14,6,5,0,76.2,10000000,15531326.01,"2023/2024"
Guglielmo Vicario","ITA","GK","Tottenham",27,0,0,27,2,0,0,0,1,0,0,83,30000000,15970648.72,"2023/2024"
Gustavo Hamer","NED","MF","Sheffield Utd",26,3,3,26,8,0,2.2,33,23,22,0.31,68.5,16000000,14447229.76,"2023/2024"
Hamed Junior Traorè","CIV","MF","Bournemouth",24,0,0,3,0,0,0.2,1,0,3,3.83,66.7,18000000,7945030.9,"2023/2024"
Han-Noah Massengo","FRA","MF","Burnley",22,0,0,3,0,0,0,1,0,1,0,50,4000000,3007602.49,"2023/2024"
Hannes Delcroix","BEL","DF","Burnley",25,0,0,12,2,0,0.4,10,9,9,0.31,85.7,4000000,9950718.16,"2023/2024"
Harrison Reed","ENG","MF","Fulham",29,0,1,22,4,0,0.2,24,9,18,0.08,83.9,18000000,7408332.56,"2023/2024"
Harry Maguire","ENG","DF","Manchester Utd",31,1,2,16,3,0,1.7,16,19,26,0.16,83.5,20000000,16220244.89,"2023/2024"
Harry Toffolo","ENG","DF","Nott'ham Forest",28,1,3,17,2,0,1.6,21,11,30,0.36,71.8,5000000,12365797.22,"2023/2024"
Harry Wilson","WAL","FW","Fulham",26,3,4,26,6,0,2.9,19,10,24,0.65,76.8,17000000,24280529.21,"2023/2024"
Harvey Barnes","ENG","FW","Newcastle Utd",26,2,1,11,1,0,1.2,3,2,0,1,76.3,35000000,20342220.65,"2023/2024"
Harvey Elliott","ENG","MF","Liverpool",20,2,2,24,1,0,1.3,16,5,16,0.97,82.4,30000000,26653361.78,"2023/2024"
Hjalmar Ekdal","SWE","DF","Burnley",25,0,0,6,2,0,0.1,2,4,4,0.28,87.3,7000000,8107361.42,"2023/2024"
Hugo Bueno","ESP","DF","Wolves",21,0,0,14,1,0,0.2,17,4,9,0,78.2,6000000,13613258.34,"2023/2024"
Ian Maatsen","NED","FW","Chelsea",22,0,0,12,1,0,0.8,3,3,4,0,70.3,20000000,14883084.29,"2023/2024"
Ibrahim Sangaré","CIV","MF","Nott'ham Forest",26,0,0,12,6,0,0.6,33,10,20,0,80.3,32000000,16751561.36,"2023/2024"
Ibrahima Konaté","FRA","DF","Liverpool",24,0,0,19,5,1,0.4,30,18,17,0.14,88,38000000,25445400.54,"2023/2024"
Igor","BRA","DF","Brighton",26,0,0,16,4,0,0.1,17,9,13,0,93.1,17000000,13894093.41,"2023/2024"
Issa Diop","FRA","DF","Fulham",27,0,0,15,2,0,0.2,23,12,20,0.08,88.4,22000000,15449404.49,"2023/2024"
Issa Kaboré","BFA","DF","Luton Town",22,0,2,19,6,0,0.2,41,13,17,0.07,69,10000000,17364871.94,"2023/2024"
Ivan Toney","ENG","FW","Brentford",27,4,0,9,2,0,3.1,11,8,4,1.33,53,35000000,10159889.48,"2023/2024"
Ivo Grbic","CRO","GK","Sheffield Utd",28,0,0,4,1,0,0,0,0,1,0,50.4,3500000,4714835.04,"2023/2024"
Jack Cork","ENG","MF","Burnley",34,0,0,3,0,0,0,2,0,0,0,66.7,800000,-3518042.59,"2023/2024"
Jack Grealish","ENG","FW","Manchester City",28,3,1,14,5,0,1.9,12,4,12,0.64,84.8,70000000,27942733.96,"2023/2024"
Jack Harrison","ENG","MF","Everton",27,3,3,22,0,0,3.2,21,9,17,0.42,62.4,22000000,14626970.33,"2023/2024"
Jack Hinshelwood","ENG","DF","Brighton",18,3,0,12,1,0,1.9,14,14,6,0.83,83.9,7000000,21987882.85,"2023/2024"
Jack Robinson","ENG","DF","Sheffield Utd",30,1,1,27,7,0,1,36,29,41,0.12,72.2,1000000,4040636.96,"2023/2024"
Jacob Brown","SCO","MF","Luton Town",25,2,0,19,4,0,2.8,19,8,21,0.53,55.1,4000000,12215360.21,"2023/2024"
Jacob Bruun Larsen","DEN","MF","Burnley",25,2,0,22,0,0,1.5,4,3,7,0.76,73,3000000,11103984.11,"2023/2024"
Jacob Murphy","ENG","FW","Newcastle Utd",29,2,3,11,1,0,0.9,9,0,9,0.95,64.3,15000000,18060741.12,"2023/2024"
Jacob Ramsey","ENG","MF","Aston Villa",22,1,1,16,2,0,2.2,16,3,15,0.42,79.8,42000000,21898554.67,"2023/2024"
Jadon Sancho","ENG","FW","Manchester Utd",23,0,0,3,0,0,0,1,1,1,0,79.1,25000000,10098552.4,"2023/2024"
Jaidon Anthony","ENG","FW","Bournemouth",24,0,0,3,1,0,0.1,3,1,3,0.59,66.7,9000000,6873288.98,"2023/2024"
Jakub Kiwior","POL","DF","Arsenal",24,1,3,16,1,0,0.8,18,6,7,0.23,84.6,25000000,16835428.81,"2023/2024"
Jakub Moder","POL","MF","Brighton",24,0,0,9,2,0,0.3,9,1,3,0.41,78.2,10000000,5315024.52,"2023/2024"
Jamaal Lascelles","ENG","DF","Newcastle Utd",30,1,0,15,4,0,0.7,14,4,17,0.08,86.6,7000000,10656739.37,"2023/2024"
James Garner","ENG","MF","Everton",23,1,2,27,5,0,2.2,67,41,37,0.39,77.6,20000000,22072288.18,"2023/2024"
James Hill","ENG","DF","Bournemouth",22,0,0,3,0,0,0,3,2,1,0,65.9,2000000,7878016.01,"2023/2024"
James Maddison","ENG","MF","Tottenham",27,4,7,17,3,0,4,24,9,11,1.23,79.4,70000000,43596393.06,"2023/2024"
James Milner","ENG","MF","Brighton",38,0,2,15,3,0,0.3,20,8,9,0.12,84.1,1000000,3090220.55,"2023/2024"
James Tarkowski","ENG","DF","Everton",31,1,1,28,5,0,2.2,40,50,64,0.11,76.8,13000000,19264820.76,"2023/2024"
James Tomkins","ENG","DF","Crystal Palace",34,0,0,3,0,0,0,0,1,0,0,72.7,700000,-2871457.47,"2023/2024"
James Trafford","ENG","GK","Burnley",21,0,0,28,2,0,0,2,1,0,0,65.5,15000000,12924739.55,"2023/2024"
James Ward-Prowse","ENG","MF","West Ham",29,5,7,27,4,0,5.1,34,29,23,0.42,82.5,38000000,30507963.71,"2023/2024"
Jan Paul van Hecke","NED","DF","Brighton",23,0,0,23,3,0,1.1,37,26,39,0.28,92.8,15000000,41294689.24,"2023/2024"
Jarell Quansah","ENG","DF","Liverpool",21,0,0,9,1,0,0.1,7,5,5,0.17,87.7,6000000,15944340.77,"2023/2024"
Jarrad Branthwaite","ENG","DF","Everton",21,2,0,25,7,0,1.4,50,41,31,0.12,79.1,25000000,18735203.81,"2023/2024"
Jarrod Bowen","ENG","FW","West Ham",27,14,3,27,2,0,9.3,31,17,30,1.11,69.9,50000000,40691619.62,"2023/2024"
Jason Steele","ENG","GK","Brighton",33,0,0,15,0,0,0,0,0,0,0,83.6,3500000,6159143.78,"2023/2024"
Jayden Bogle","ENG","DF","Sheffield Utd",23,1,0,24,8,0,1.4,48,27,34,0.28,68.1,3800000,10152701.81,"2023/2024"
Jean-Philippe Mateta","FRA","FW","Crystal Palace",26,5,4,25,2,0,5,12,3,9,0.6,71.5,7000000,23341625.75,"2023/2024"
Jean-Ricner Bellegarde","FRA","MF","Wolves",25,2,1,19,0,1,1.4,15,7,17,0.56,78.1,15000000,15312354.54,"2023/2024"
Jefferson Lerma","COL","MF","Crystal Palace",29,1,1,23,7,0,2.6,33,27,26,0.4,81.1,20000000,23744900.87,"2023/2024"
Jeffrey Schlupp","GHA","FW","Crystal Palace",31,1,1,20,0,0,1.7,35,7,12,0.66,74.2,7000000,8339930.63,"2023/2024"
Jhon Durán","COL","FW","Aston Villa",20,2,0,14,4,0,1.3,3,0,3,1.95,62.9,17000000,21444898.42,"2023/2024"
Joachim Andersen","DEN","DF","Crystal Palace",27,2,2,28,4,0,1.3,35,33,28,0.29,79.1,35000000,28571162.47,"2023/2024"
Joe Gomez","ENG","DF","Liverpool",26,0,1,24,4,0,0.6,38,14,21,0.06,82,22000000,16718172.5,"2023/2024"
Joe Rothwell","ENG","MF","Bournemouth",29,0,0,11,0,0,0.1,7,3,4,0,82.9,4000000,2619206.99,"2023/2024"
Joe Willock","ENG","MF","Newcastle Utd",24,1,0,6,0,0,0.7,10,1,5,0.59,83.7,35000000,17305021.21,"2023/2024"
Joe Worrall","ENG","DF","Nott'ham Forest",27,0,0,7,0,1,0.1,7,3,5,0,84.1,12000000,10689035.09,"2023/2024"
Joel Ward","ENG","DF","Crystal Palace",34,0,1,20,4,0,0.9,38,9,13,0,76,1000000,6028338.97,"2023/2024"
Joelinton","BRA","MF","Newcastle Utd",27,2,1,16,5,0,2.3,30,17,19,0.4,83.3,42000000,23466231.51,"2023/2024"
John Egan","IRL","DF","Sheffield Utd",31,0,0,6,2,0,0.2,6,13,10,0.19,69.2,5000000,1102852.29,"2023/2024"
John McGinn","SCO","MF","Aston Villa",29,6,3,28,7,1,4.3,48,15,21,0.53,78.9,30000000,28749095.12,"2023/2024"
John Stones","ENG","DF","Manchester City",29,1,0,14,2,0,1,2,9,11,0.19,92.6,38000000,16864282.96,"2023/2024"
Jonny Evans","NIR","DF","Manchester Utd",36,0,1,18,2,0,0.1,12,17,19,0,86.3,2000000,570032.21,"2023/2024"
Jordan Ayew","GHA","FW","Crystal Palace",32,4,6,26,8,1,3.6,53,14,38,0.67,73.2,4000000,26520264.7,"2023/2024"
Jordan Beyer","GER","DF","Burnley",23,0,1,15,6,0,0.5,35,16,22,0,89,16000000,20157131.4,"2023/2024"
Jordan Clark","ENG","MF","Luton Town",30,0,1,14,3,0,0.3,17,5,10,0.14,69.5,1000000,7512723.38,"2023/2024"
Jordan Pickford","ENG","GK","Everton",30,0,0,28,4,0,0,0,0,2,0,65.7,22000000,29113278.68,"2023/2024"
Jorginho","ITA","MF","Arsenal",32,0,1,18,1,0,0.1,18,8,15,0,89.5,15000000,14513392.94,"2023/2024"
Josh Brownhill","ENG","MF","Burnley",28,3,1,26,3,1,1.6,48,29,28,0.4,76.5,18000000,12647120.42,"2023/2024"
Josh Cullen","IRL","MF","Burnley",27,0,1,15,5,0,0.2,24,7,20,0.08,84.8,13000000,9071272.97,"2023/2024"
Josh Dasilva","ENG","DF","Brentford",25,0,0,3,0,0,0,2,0,0,0,52.6,12000000,1233201.07,"2023/2024"
José Sá","POR","GK","Wolves",31,0,0,26,1,0,0,0,0,3,0,65.3,16000000,7290860.63,"2023/2024"
João Gomes","BRA","MF","Wolves",23,2,1,24,6,0,1.1,83,17,42,0.25,81.6,22000000,25119352.85,"2023/2024"
João Palhinha","POR","MF","Fulham",28,3,1,23,11,0,2.1,106,36,42,0.48,82.2,60000000,18464083.56,"2023/2024"
João Pedro","BRA","FW","Brighton",22,8,2,23,2,0,8.4,23,9,10,0.97,79.7,400000,39767833.41,"2023/2024"
Joël Veltman","NED","DF","Brighton",32,0,1,20,2,0,0.1,31,14,15,0.16,84.7,10000000,-31996.87,"2023/2024"
Julio Enciso","PAR","MF","Brighton",20,0,2,5,1,0,0.5,0,0,2,1.84,67.3,22000000,16953217.07,"2023/2024"
Julián Álvarez","ARG","FW","Manchester City",24,8,7,28,2,0,9,19,2,23,1.19,79.5,90000000,51260985.02,"2023/2024"
Justin Kluivert","NED","FW","Bournemouth",24,4,0,22,4,0,3.6,23,5,11,0.74,66.5,11000000,17670042.42,"2023/2024"
Kai Havertz","GER","MF","Arsenal",24,8,3,27,7,0,7.8,25,14,24,0.61,82.7,55000000,36992359.86,"2023/2024"
Kaide Gordon","ENG","FW","Liverpool",19,0,0,1,0,0,0,0,0,0,0,100,1500000,9961986.47,"2023/2024"
Kalvin Phillips","ENG","MF","West Ham",28,0,0,6,3,1,0.1,8,4,3,0.66,80.5,28000000,5894352.4,"2023/2024"
Kaoru Mitoma","JPN","FW","Brighton",26,3,4,19,4,0,3.5,13,5,15,0.91,78.3,50000000,32819763.6,"2023/2024"
Keane Lewis-Potter","ENG","FW","Brentford",23,2,1,21,0,0,3.2,16,5,9,0.9,70.1,12000000,13705782.15,"2023/2024"
Kenny Tete","NED","DF","Fulham",28,1,0,10,2,0,0.8,21,16,7,0.13,79.3,15000000,10743121.87,"2023/2024"
Kevin De Bruyne","BEL","MF","Manchester City",32,1,5,9,1,0,1,4,2,2,0.73,72.6,60000000,24133857.61,"2023/2024"
Kevin Schade","GER","MF","Brentford",22,1,0,5,0,0,0.7,2,1,0,0.7,60.6,25000000,10267396.85,"2023/2024"
Kieffer Moore","WAL","FW","Bournemouth",31,1,0,8,0,0,1.5,0,0,0,1.67,66.7,4000000,1478782.99,"2023/2024"
Kieran Trippier","ENG","DF","Newcastle Utd",33,1,10,25,5,0,0.7,57,23,38,0.08,76.4,11000000,35586668.61,"2023/2024"
Kobbie Mainoo","ENG","MF","Manchester Utd",18,1,0,14,3,0,0.2,24,13,13,0.16,84.7,6000000,17407884.35,"2023/2024"
Konstantinos Mavropanos","GRE","DF","West Ham",26,1,0,13,1,0,0.8,22,18,16,0.09,73.6,14000000,6920422.82,"2023/2024"
Kristoffer Ajer","NOR","DF","Brentford",25,0,1,20,4,0,0.7,25,15,15,0.07,74.2,18000000,8610902.01,"2023/2024"
Kurt Zouma","FRA","DF","West Ham",29,2,0,23,3,0,1.5,13,20,29,0.27,82.7,25000000,8589401.3,"2023/2024"
Kyle Walker","ENG","DF","Manchester City",33,0,2,26,2,0,0.4,28,22,16,0.12,87.8,13000000,38236136.8,"2023/2024"
Leander Dendoncker","BEL","MF","Aston Villa",28,1,0,8,0,0,0.7,6,2,5,0.76,80.4,11000000,10715376.62,"2023/2024"
Leandro Trossard","BEL","MF","Arsenal",29,7,1,24,0,0,5.3,16,6,18,1.24,70.3,38000000,22137197.52,"2023/2024"
Leon Bailey","JAM","FW","Aston Villa",26,8,8,26,4,0,4.5,7,8,11,0.96,72.3,30000000,47613810.5,"2023/2024"
Lesley Ugochukwu","FRA","MF","Chelsea",19,0,0,10,2,0,0,12,1,5,0,84.4,25000000,17950029.99,"2023/2024"
Levi Colwill","ENG","DF","Chelsea",21,1,1,23,2,0,1.3,48,26,28,0.15,83,55000000,27850024.2,"2023/2024"
Lewis Cook","ENG","MF","Bournemouth",27,0,3,23,4,1,0.2,41,44,21,0.14,77.5,10000000,11292197.3,"2023/2024"
Lewis Dobbin","ENG","MF","Everton",21,1,0,11,1,0,0.3,7,1,4,0.86,64.9,1000000,10579224.53,"2023/2024"
Lewis Dunk","ENG","DF","Brighton",32,3,1,24,6,1,2.9,20,19,36,0.38,92,14000000,47056452.24,"2023/2024"
Lewis Hall","ENG","DF","Newcastle Utd",19,0,0,8,1,0,0,10,2,2,0.81,78.3,18000000,17814876.25,"2023/2024"
Lewis Miley","ENG","MF","Newcastle Utd",17,1,3,17,1,0,1.2,33,8,20,0.22,82.4,13000000,29121296.51,"2023/2024"
Lisandro Martínez","ARG","DF","Manchester Utd",26,0,1,8,3,0,0,11,4,9,0,92.7,50000000,11446140.06,"2023/2024"
Lloyd Kelly","ENG","DF","Bournemouth",25,0,0,14,1,0,0.1,19,7,14,0.09,74,16000000,4993158.8,"2023/2024"
Lorenz Assignon","TOG","DF","Burnley",23,0,1,6,2,0,0,19,7,9,0,67.6,10000000,9903915.35,"2023/2024"
Loris Karius","GER","GK","Newcastle Utd",30,0,0,1,0,0,0,0,0,0,0,56.8,1000000,6855973.22,"2023/2024"
Luca Koleosho","ITA","FW","Burnley",19,1,1,15,0,0,2,7,2,13,0.46,70.1,7000000,17718334.24,"2023/2024"
Lucas Digne","FRA","DF","Aston Villa",30,1,2,23,5,0,0.8,33,20,12,0.22,75.3,15000000,19685455.78,"2023/2024"
Lucas Paquetá","BRA","MF","West Ham",26,3,5,21,7,0,3.9,50,14,22,0.31,73.8,65000000,29946958.31,"2023/2024"
Luis Díaz","COL","FW","Liverpool",27,6,3,27,2,0,8.6,22,3,14,1.08,82.6,75000000,44997023.11,"2023/2024"
Luis Sinisterra","COL","FW","Bournemouth",24,2,2,19,0,0,2.1,22,8,17,1.09,77.1,17000000,23621495.41,"2023/2024"
Lukasz Fabianski","POL","GK","West Ham",38,0,0,5,0,0,0,1,1,0,0,67,700000,-4502750.38,"2023/2024"
Luke Berry","ENG","MF","Luton Town",31,0,0,8,1,0,0.2,2,0,1,0,51.9,400000,1399895.11,"2023/2024"
Luke Harris","WAL","MF","Fulham",18,0,0,1,0,0,0.3,1,0,0,1.2,78.6,1000000,15558656.12,"2023/2024"
Luke Shaw","ENG","DF","Manchester Utd",28,0,0,12,6,0,0,11,6,18,0,81.9,38000000,9662322.96,"2023/2024"
Luke Thomas","ENG","DF","Sheffield Utd",22,0,0,12,3,0,0.5,20,10,23,0.1,73.4,12000000,11098641.33,"2023/2024"
Lyle Foster","RSA","FW","Burnley",23,4,3,14,0,1,2,15,2,11,0.72,65.7,13000000,19721184.22,"2023/2024"
Mads Roerslev","DEN","DF","Brentford",24,1,2,24,0,0,0.9,31,14,11,0.06,64.7,8000000,84911.42,"2023/2024"
Mahmoud Dahoud","GER","MF","Brighton",28,0,1,9,1,1,0.2,9,1,4,0.2,86.6,14000000,9182327.9,"2023/2024"
Malo Gusto","FRA","DF","Chelsea",20,0,5,20,5,1,0.4,45,13,23,0.07,85.9,25000000,38996075.28,"2023/2024"
Manor Solomon","ISR","FW","Tottenham",24,0,2,5,1,0,0.4,3,3,4,0.45,86.7,18000000,23085060.97,"2023/2024"
Manuel Akanji","SUI","DF","Manchester City",28,2,0,20,4,1,0.9,25,20,21,0.21,92.9,42000000,38313298.96,"2023/2024"
Marc Cucurella","ESP","DF","Chelsea",25,0,0,10,5,0,0.8,33,13,18,0.34,85.5,25000000,16657833.87,"2023/2024"
Marc Guéhi","ENG","DF","Crystal Palace",23,0,1,22,2,0,0.6,26,18,22,0,86.6,38000000,26581628.19,"2023/2024"
Marcos Senesi","ARG","DF","Bournemouth",26,3,2,23,8,0,1,44,23,37,0.16,78.5,20000000,28458679.41,"2023/2024"
Marcus Rashford","ENG","FW","Manchester Utd",26,7,2,27,2,0,7.1,16,4,12,0.81,74,70000000,34790735.24,"2023/2024"
Marcus Tavernier","ENG","FW","Bournemouth",24,2,4,25,2,0,3.7,50,5,24,0.64,71,17000000,27342095.43,"2023/2024"
Mario Lemina","GAB","MF","Wolves",30,4,0,25,10,1,4.1,68,35,24,0.54,84.3,10000000,27156051.34,"2023/2024"
Mark Flekken","NED","GK","Brentford",30,0,1,27,3,0,0,0,0,1,0,71.1,12000000,14598570.05,"2023/2024"
Martin Dúbravka","SVK","GK","Newcastle Utd",35,0,0,14,1,0,0,0,0,0,0,79.4,1000000,6401547.28,"2023/2024"
Martin Ødegaard","NOR","MF","Arsenal",25,6,6,25,2,0,5.6,34,7,18,0.65,85.1,90000000,54080788.39,"2023/2024"
Marvelous Nakamba","ZIM","MF","Luton Town",30,0,0,13,5,0,0.2,40,11,23,0,84.2,5000000,10672491.72,"2023/2024"
Mason Holgate","ENG","DF","Sheffield Utd",27,0,0,3,1,1,0.4,3,5,5,0,58.8,5000000,3732695.31,"2023/2024"
Mason Mount","ENG","MF","Manchester Utd",25,0,0,8,1,0,0.2,16,3,5,0,79.8,45000000,9061663.38,"2023/2024"
Mateo Kovacic","CRO","MF","Manchester City",29,0,0,20,3,0,0.8,21,3,13,0.28,93.5,38000000,26489983.68,"2023/2024"
Matheus Cunha","BRA","FW","Wolves",24,9,6,24,5,0,8.2,24,13,23,1.38,78.8,32000000,51111284.58,"2023/2024"
Matheus França","BRA","MF","Crystal Palace",19,0,1,10,1,0,0.4,3,1,4,0.78,64.6,15000000,16369003.29,"2023/2024"
Matheus Nunes","POR","MF","Manchester City",25,0,2,11,0,0,0.4,8,0,4,0.36,84.1,55000000,19727486.56,"2023/2024"
Mathias Jensen","DEN","MF","Brentford",28,3,3,23,3,0,0.6,35,12,31,0.36,72.1,30000000,14742506.7,"2023/2024"
Matt Doherty","IRL","DF","Wolves",32,1,0,21,1,0,0.5,13,4,7,0.3,75.3,4000000,3235386.43,"2023/2024"
Matt Ritchie","SCO","FW","Newcastle Utd",34,1,0,8,1,0,0.8,3,1,0,2.48,76.9,1000000,5646131.55,"2023/2024"
Matt Targett","ENG","DF","Newcastle Utd",28,0,0,3,1,0,0,2,0,1,0,87.8,10000000,10749708.23,"2023/2024"
Matt Turner","USA","GK","Nott'ham Forest",29,0,0,17,1,0,0,0,0,0,0,68.9,10000000,24153139.38,"2023/2024"
Matty Cash","POL","DF","Aston Villa",26,2,1,25,6,0,4.1,48,18,32,0.63,81,28000000,23072200.06,"2023/2024"
Matz Sels","BEL","GK","Nott'ham Forest",32,0,0,6,0,0,0,0,0,0,0,65.2,7000000,4971679.04,"2023/2024"
Max Aarons","ENG","DF","Bournemouth",24,0,1,14,1,0,0,28,6,9,0,75.6,18000000,9124778.37,"2023/2024"
Max Kilman","ENG","DF","Wolves",26,2,0,28,5,0,1.6,33,29,45,0.18,84.1,35000000,30140837.17,"2023/2024"
Max Lowe","ENG","DF","Sheffield Utd",26,0,0,8,1,0,0.6,20,5,7,0,64.6,2500000,3789101.79,"2023/2024"
Maxime Estève","FRA","DF","Burnley",21,0,0,6,2,0,0.1,10,7,7,0,79.3,7000000,11107300.31,"2023/2024"
Maxwel Cornet","CIV","FW","West Ham",27,1,0,5,0,0,0.4,3,1,0,0.86,71.8,10000000,3943849.88,"2023/2024"
Michael Keane","ENG","DF","Everton",31,1,0,7,1,0,0.7,7,5,4,0.89,77.9,7000000,6558559.99,"2023/2024"
Michael Olakigbe","ENG","FW","Brentford",19,0,0,8,0,0,0.1,3,1,7,0,67.5,500000,14134438.04,"2023/2024"
Michael Olise","FRA","FW","Crystal Palace",22,6,3,11,0,0,3.2,14,6,14,1.07,70.4,50000000,36969123.82,"2023/2024"
Michail Antonio","JAM","FW","West Ham",33,2,2,16,4,0,2.2,8,1,10,0.38,55.6,6000000,3854067.02,"2023/2024"
Micky van de Ven","NED","DF","Tottenham",22,1,0,18,1,0,0.3,31,13,12,0.06,95.3,45000000,31699833.09,"2023/2024"
Miguel Almirón","PAR","FW","Newcastle Utd",30,3,1,28,1,0,4.5,34,10,28,0.54,82.6,30000000,27126212.86,"2023/2024"
Mike Trésor","BEL","MF","Burnley",24,0,0,14,0,0,0.5,10,1,5,0,67.2,15000000,4489482.69,"2023/2024"
Mikkel Damsgaard","DEN","MF","Brentford",23,0,1,14,0,0,0.6,14,7,8,0.75,67.6,10000000,5538903.61,"2023/2024"
Milos Kerkez","HUN","DF","Bournemouth",20,0,1,21,3,0,0.4,37,16,25,0.12,72.7,20000000,14738739.4,"2023/2024"
Mohamed Elneny","EGY","MF","Arsenal",31,0,0,3,0,0,0.1,0,1,0,3.21,97.5,4500000,3712768.98,"2023/2024"
Mohamed Salah","EGY","FW","Liverpool",31,15,9,22,2,0,15,13,2,15,1.39,73.1,65000000,59280066.78,"2023/2024"
Moisés Caicedo","ECU","MF","Chelsea",22,0,1,24,8,0,0.2,59,22,33,0.05,91.1,90000000,40714250.14,"2023/2024"
Morgan Gibbs-White","ENG","MF","Nott'ham Forest",24,3,4,27,7,0,4.7,29,11,20,0.35,67.8,40000000,27675641.55,"2023/2024"
Morgan Rogers","ENG","MF","Aston Villa",21,0,0,3,1,0,0.3,0,0,0,1.48,77.8,2800000,17451292.04,"2023/2024"
Moussa Diaby","FRA","MF","Aston Villa",24,4,5,28,1,0,5,7,5,7,0.94,79.8,60000000,35955863.1,"2023/2024"
Murillo","BRA","DF","Nott'ham Forest",21,0,1,22,3,0,1.1,32,24,32,0.19,76.4,22000000,25730418.05,"2023/2024"
Naouirou Ahamada","FRA","MF","Crystal Palace",21,0,0,16,1,0,0.4,6,1,3,0.38,79.8,8000000,11985210.93,"2023/2024"
Nathan Aké","NED","DF","Manchester City",29,2,2,23,0,0,1.6,23,11,13,0.21,91.7,40000000,35285497.86,"2023/2024"
Nathan Collins","IRL","DF","Brentford",22,1,1,23,3,0,1.6,23,34,27,0.1,82,25000000,21461175.84,"2023/2024"
Nathan Fraser","IRL","FW","Wolves",19,0,0,4,1,0,0.3,3,1,2,1.03,77.1,1000000,14055945.55,"2023/2024"
Nathan Patterson","SCO","DF","Everton",22,0,2,19,4,0,0.3,33,9,14,0,71.7,15000000,12870076.7,"2023/2024"
Nathan Redmond","ENG","FW","Burnley",30,0,0,12,1,0,0,2,0,1,0,65.8,7000000,-2258163.71,"2023/2024"
Nathaniel Clyne","ENG","DF","Crystal Palace",32,0,0,10,0,0,0,15,4,9,0,79.8,1500000,6573516.97,"2023/2024"
Nayef Aguerd","MAR","DF","West Ham",27,1,0,20,3,1,1.5,23,17,31,0.15,79.5,38000000,18112708.36,"2023/2024"
Neal Maupay","FRA","FW","Everton",27,0,0,2,0,0,1.4,0,0,2,3.24,84.6,10000000,7802046.14,"2023/2024"
Neco Williams","WAL","FW","Nott'ham Forest",22,0,1,19,3,0,0.3,55,18,33,0.08,62.5,17000000,11036805.09,"2023/2024"
Neto","BRA","GK","Bournemouth",34,0,0,26,4,0,0,0,1,1,0,65.3,250000,2595564.48,"2023/2024"
Nick Pope","ENG","GK","Newcastle Utd",31,0,0,14,0,0,0,0,0,0,0,78.7,20000000,11595000.87,"2023/2024"
Nicolas Jackson","SEN","FW","Chelsea",22,9,3,24,9,0,12.6,13,3,16,1.24,78.3,35000000,46678675.29,"2023/2024"
Nicolás Domínguez","ARG","MF","Nott'ham Forest",25,2,2,19,3,0,1.2,60,14,27,0.33,83.9,17000000,28254152.98,"2023/2024"
Nicolò Zaniolo","ITA","MF","Aston Villa",24,1,0,19,6,0,1.8,11,1,13,0.91,65.2,25000000,15337553.76,"2023/2024"
Noni Madueke","ENG","FW","Chelsea",22,2,0,12,1,0,1.2,7,1,5,0.77,80.3,25000000,19513503.84,"2023/2024"
Nuno Tavares","POR","DF","Nott'ham Forest",24,0,0,7,2,0,0.2,10,1,6,0.2,73.8,16000000,15405552.32,"2023/2024"
Nélson Semedo","POR","DF","Wolves",30,0,1,27,7,0,0.9,62,27,32,0.12,78.2,15000000,15602389.02,"2023/2024"
Ola Aina","NGA","DF","Nott'ham Forest",27,1,1,14,3,0,0.2,26,8,10,0.09,74,8000000,14437342.86,"2023/2024"
Oleksandr Zinchenko","UKR","DF","Arsenal",27,1,2,22,2,0,0.5,46,15,17,0.19,87.8,42000000,30264918.63,"2023/2024"
Oliver Norwood","NIR","MF","Sheffield Utd",32,1,0,24,7,0,1.1,41,21,24,0.32,69.5,1500000,728380.6,"2023/2024"
Oliver Skipp","ENG","MF","Tottenham",23,0,0,17,2,0,0.6,15,1,11,0.15,91.3,15000000,15781629.73,"2023/2024"
Ollie Watkins","ENG","FW","Aston Villa",28,16,10,28,4,0,14.3,9,4,23,1.42,74.7,60000000,61804484.03,"2023/2024"
Orel Mangala","BEL","MF","Nott'ham Forest",25,1,0,20,6,0,0.8,27,26,12,0.06,88.2,22000000,16844198.52,"2023/2024"
Oscar Bobb","NOR","FW","Manchester City",20,1,1,9,0,0,1.3,3,1,3,0.5,87.2,15000000,26050578.24,"2023/2024"
Owen Beck","WAL","DF","Liverpool",21,0,0,1,0,0,0,2,0,0,0,75,600000,12040749.14,"2023/2024"
Pablo Fornals","ESP","MF","West Ham",28,0,0,15,0,0,0.3,10,6,8,0.63,77.1,17000000,1350749.32,"2023/2024"
Pablo Sarabia","ESP","MF","Wolves",31,3,6,21,1,0,3.6,15,8,14,0.78,70.3,12000000,24190119.68,"2023/2024"
Pape Matar Sarr","SEN","MF","Tottenham",21,3,3,23,6,0,2.6,24,16,14,0.76,87.4,35000000,36126229.74,"2023/2024"
Pascal Groß","GER","MF","Brighton",32,4,10,26,4,0,5.3,51,17,32,0.61,85.5,8000000,54023026.13,"2023/2024"
Pau Torres","ESP","DF","Aston Villa",27,2,0,21,1,0,0.9,21,9,17,0.21,87,45000000,22066434.69,"2023/2024"
Paul Dummett","WAL","DF","Newcastle Utd",32,0,0,1,0,0,0,1,0,0,0,100,900000,5962727.03,"2023/2024"
Pedro Neto","POR","FW","Wolves",24,2,9,19,4,0,3.4,7,4,5,0.66,74.5,42000000,34790687.13,"2023/2024"
Pedro Porro","ESP","DF","Tottenham",24,0,7,24,3,0,2.2,70,23,50,0.25,76,45000000,34308091.98,"2023/2024"
Pelly Ruddock Mpanzu","COD","MF","Luton Town",30,0,0,21,0,0,0.6,8,6,10,0.11,70.4,1500000,7231484.94,"2023/2024"
Pervis Estupiñán","ECU","DF","Brighton",26,2,3,16,4,0,0.9,20,18,12,0.51,84.1,35000000,24523461.16,"2023/2024"
Phil Foden","ENG","FW","Manchester City",23,11,7,28,1,0,8.5,24,13,21,1.36,85.4,110000000,74896619.71,"2023/2024"
Philip Billing","DEN","MF","Bournemouth",27,2,2,23,3,1,2.1,29,17,27,0.44,76.4,22000000,16998076.55,"2023/2024"
Philippe Coutinho","BRA","FW","Aston Villa",31,0,0,2,0,0,0.1,0,0,0,3.6,83.3,9000000,8350693.69,"2023/2024"
Raheem Sterling","ENG","FW","Chelsea",29,6,3,25,6,0,5.5,20,12,10,0.79,72.8,45000000,37102282.1,"2023/2024"
Raphaël Varane","FRA","DF","Manchester Utd",30,1,0,19,2,0,1.3,17,14,16,0.14,88.5,25000000,10888268.97,"2023/2024"
Rasmus Højlund","DEN","FW","Manchester Utd",21,7,2,20,2,0,6.5,9,1,3,0.92,75.6,65000000,29797843.63,"2023/2024"
Raúl Jiménez","MEX","FW","Fulham",32,5,0,19,3,1,4.5,13,3,9,1.09,66.9,6000000,13977542.05,"2023/2024"
Reece Burke","ENG","DF","Luton Town",27,0,2,14,3,0,1.3,17,13,15,0.26,73.4,1800000,10474208.37,"2023/2024"
Reece James","ENG","DF","Chelsea",24,0,1,8,2,1,0.3,13,3,4,0.23,80.3,50000000,20317116.29,"2023/2024"
Reiss Nelson","ENG","FW","Arsenal",24,0,0,14,1,0,0.1,8,1,4,0.46,84.7,15000000,8300175.29,"2023/2024"
Remi Matthews","ENG","GK","Crystal Palace",30,0,0,1,0,0,0,0,0,0,0,0,500000,-4107972.57,"2023/2024"
Rhian Brewster","ENG","MF","Sheffield Utd",23,0,0,11,0,1,0.3,5,0,2,0.88,68.3,3000000,8466197.94,"2023/2024"
Rhys Norrington-Davies","WAL","DF","Sheffield Utd",24,0,0,5,1,0,0,1,1,2,0,71.6,2500000,6445836.94,"2023/2024"
Richarlison","BRA","FW","Tottenham",26,10,3,22,3,0,8.6,16,8,31,1.47,67.4,35000000,41568970.53,"2023/2024"
Rico Henry","ENG","DF","Brentford",26,0,1,5,1,0,0.1,7,5,8,0,80.3,25000000,10764327.54,"2023/2024"
Rico Lewis","ENG","DF","Manchester City",19,1,0,10,1,0,0.3,5,4,4,0.4,89.8,38000000,23696296.61,"2023/2024"
Robert Sánchez","ESP","GK","Chelsea",26,0,0,16,2,0,0,0,0,0,0,82.1,30000000,23509004.2,"2023/2024"
Robin Olsen","SWE","GK","Aston Villa",34,0,0,1,0,0,0,0,0,0,0,76.9,1500000,3427858.62,"2023/2024"
Rodri","ESP","MF","Manchester City",27,6,5,25,8,1,3.3,54,20,25,0.71,91.8,110000000,90539873.6,"2023/2024"
Rodrigo Bentancur","URU","MF","Tottenham",26,1,0,12,3,0,1,12,5,7,0.18,82.9,35000000,15862172.2,"2023/2024"
Rodrigo Muniz","BRA","FW","Fulham",22,5,1,16,1,0,3.8,3,4,6,1.24,56.2,5000000,23419652.56,"2023/2024"
Rodrigo Ribeiro","POR","FW","Nott'ham Forest",18,0,0,1,0,0,0,0,1,0,0,100,3000000,17874109.81,"2023/2024"
Romain Faivre","FRA","MF","Bournemouth",25,0,0,3,1,0,0.1,1,0,0,0,71.4,15000000,7161882.52,"2023/2024"
Roméo Lavia","BEL","MF","Chelsea",20,0,0,1,0,0,0,1,0,0,0,81.5,50000000,15596386.49,"2023/2024"
Ross Barkley","ENG","MF","Luton Town",30,3,3,23,4,0,2.9,38,20,18,0.48,82.2,7000000,36587229.74,"2023/2024"
Ryan Christie","SCO","MF","Bournemouth",29,0,4,28,4,0,1.5,61,36,29,0.49,75.2,12000000,14232020.4,"2023/2024"
Ryan Gravenberch","NED","MF","Liverpool",21,0,0,19,0,0,1.5,20,11,14,0.64,82,35000000,20821245.34,"2023/2024"
Ryan Yates","ENG","MF","Nott'ham Forest",26,0,0,25,4,0,1.7,46,14,35,0.27,77.6,12000000,13317512.25,"2023/2024"
Rúben Dias","POR","DF","Manchester City",26,0,0,23,0,0,1.1,27,22,25,0.33,93.5,80000000,42531664.54,"2023/2024"
Sam Johnstone","ENG","GK","Crystal Palace",30,0,0,20,1,0,0,1,1,0,0,57.3,12000000,6378915.62,"2023/2024"
Saman Ghoddos","IRN","DF","Brentford",30,1,0,17,5,0,0.3,25,5,8,0.25,72.8,2000000,2757687.36,"2023/2024"
Sander Berge","NOR","MF","Burnley",26,1,1,27,8,1,1.7,54,18,36,0.13,85.8,20000000,13311851.54,"2023/2024"
Sandro Tonali","ITA","MF","Newcastle Utd",23,1,0,8,2,0,0.7,7,2,3,0.41,86.1,40000000,18758977.78,"2023/2024"
Santiago Bueno","URU","DF","Wolves",25,0,0,4,1,0,0,4,3,8,0,87.2,8000000,10985207.63,"2023/2024"
Sasa Kalajdzic","AUT","FW","Wolves",26,2,0,11,0,0,1.1,6,1,3,1.08,63.3,11000000,12988894.17,"2023/2024"
Saïd Benrahma","ALG","MF","West Ham",28,0,1,13,1,0,1.8,8,5,8,0.73,75.1,22000000,9936234.99,"2023/2024"
Scott McKenna","SCO","DF","Nott'ham Forest",27,0,0,5,0,0,0.2,4,5,6,0,73.7,10000000,11252793.64,"2023/2024"
Scott McTominay","SCO","MF","Manchester Utd",27,7,1,25,1,0,5.1,40,11,27,1.04,81,28000000,26696112.45,"2023/2024"
Sean Longstaff","ENG","MF","Newcastle Utd",26,4,2,25,5,0,3.6,37,11,28,0.47,80.7,25000000,24326798.86,"2023/2024"
Serge Aurier","CIV","DF","Nott'ham Forest",31,0,2,12,2,0,0.2,20,9,10,0.11,77.7,7000000,11329189.02,"2023/2024"
Sergio Gómez","ESP","FW","Manchester City",23,0,1,3,0,0,0,0,1,0,0,80,10000000,17922927.39,"2023/2024"
Sergio Reguilón","ESP","DF","Brentford",27,0,1,7,2,0,0.5,24,7,12,0.18,61.7,10000000,5787194.65,"2023/2024"
Shandon Baptiste","GRN","MF","Brentford",25,1,0,9,0,0,0.9,4,3,5,0.83,72.6,2500000,9110110.8,"2023/2024"
Simon Adingra","CIV","FW","Brighton",22,6,1,21,2,0,3.1,22,12,16,0.93,75.1,25000000,29581824.98,"2023/2024"
Sofyan Amrabat","MAR","MF","Manchester Utd",27,0,0,14,3,0,0.1,23,5,12,0,86.3,28000000,11326018.39,"2023/2024"
Solly March","ENG","FW","Brighton",29,3,1,7,1,0,2,19,11,5,0.97,77.8,22000000,13443336.08,"2023/2024"
Stefan Ortega","GER","GK","Manchester City",31,0,0,3,0,0,0,0,0,0,0,70.5,9000000,9121449.06,"2023/2024"
Sven Botman","NED","DF","Newcastle Utd",24,2,2,17,2,0,0.6,20,9,20,0.13,90.6,45000000,36113964.3,"2023/2024"
Tahith Chong","NED","MF","Luton Town",24,3,0,23,3,0,1.6,21,4,15,0.46,79.3,4500000,18474017.05,"2023/2024"
Taiwo Awoniyi","NGA","FW","Nott'ham Forest",26,6,3,17,2,0,4.7,9,1,7,0.97,71.8,28000000,25982194.8,"2023/2024"
Takehiro Tomiyasu","JPN","DF","Arsenal",25,1,1,13,2,1,0.5,11,10,3,0.28,83.1,30000000,13370680.08,"2023/2024"
Tariq Lamptey","GHA","DF","Brighton",23,0,3,13,3,0,0.4,10,5,4,0,83.4,12000000,12322500.63,"2023/2024"
Teden Mengi","ENG","DF","Luton Town",21,1,0,21,2,0,0.4,37,49,25,0.16,76.3,7000000,21745117.87,"2023/2024"
Thiago Silva","BRA","DF","Chelsea",39,2,0,23,3,0,0.4,25,21,26,0.14,94.3,200000,35495871.4,"2023/2024"
Thilo Kehrer","GER","DF","West Ham",27,0,0,4,2,0,0,1,0,2,0,100,9000000,1646013.8,"2023/2024"
Thomas Cannon","IRL","FW","Everton",21,0,0,1,0,0,0,0,0,0,0,0,6000000,3411575.76,"2023/2024"
Thomas Kaminski","BEL","GK","Luton Town",31,0,0,28,3,0,0,2,0,1,0,57.5,2800000,14208881.6,"2023/2024"
Thomas Partey","GHA","MF","Arsenal",30,0,0,6,0,0,0.1,6,4,2,0.32,90,25000000,7752303.57,"2023/2024"
Thomas Strakosha","ALB","GK","Brentford",28,0,0,2,0,0,0,0,0,0,0,73.2,3000000,4750065.98,"2023/2024"
Tim Iroegbunam","ENG","MF","Aston Villa",20,0,0,5,0,0,0,3,1,2,0,91.3,4000000,12378573.24,"2023/2024"
Tim Ream","USA","DF","Fulham",36,1,0,17,4,1,1,18,25,22,0.06,88.9,1000000,19102770.95,"2023/2024"
Timo Werner","GER","FW","Tottenham",28,2,2,7,0,0,1.8,3,3,1,1.08,80.1,17000000,21781901.45,"2023/2024"
Timothy Castagne","BEL","DF","Fulham",28,0,1,25,2,0,1.3,37,32,27,0.09,81.6,17000000,20120859.45,"2023/2024"
Tom Cairney","SCO","MF","Fulham",33,1,3,26,2,0,0.8,21,13,14,0.36,88.2,2000000,13653424.09,"2023/2024"
Tom Davies","ENG","MF","Sheffield Utd",25,0,0,9,2,0,0.4,10,3,2,0.41,68.7,6000000,7013780.59,"2023/2024"
Tom Lockyer","WAL","DF","Luton Town",29,1,1,14,4,0,1.1,27,23,25,0.08,71.3,3500000,11139266.89,"2023/2024"
Tommy Doyle","ENG","MF","Wolves",22,0,0,19,2,0,0.2,17,9,17,0.22,84.4,7000000,18362456.61,"2023/2024"
Tosin Adarabioyo","ENG","DF","Fulham",26,1,0,14,1,0,0.6,16,18,11,0.25,84.7,12000000,15312202.36,"2023/2024"
Trent Alexander-Arnold","ENG","DF","Liverpool",25,2,4,21,5,0,1.8,28,23,13,0.22,74.8,70000000,42491859.32,"2023/2024"
Trevoh Chalobah","ENG","DF","Chelsea",24,0,0,3,0,0,0,2,3,2,0,78.9,18000000,10711363.11,"2023/2024"
Tyler Adams","USA","MF","Bournemouth",25,0,0,1,0,0,0,0,0,0,0,78.6,18000000,4504691.57,"2023/2024"
Tyler Onyango","ENG","MF","Everton",21,0,0,1,0,0,0,0,0,0,0,0,500000,2861024.42,"2023/2024"
Tyrick Mitchell","ENG","DF","Crystal Palace",24,1,2,27,5,0,0.7,77,22,41,0.08,71.3,22000000,21804891.87,"2023/2024"
Tyrone Mings","ENG","DF","Aston Villa",31,0,0,1,0,0,0,0,1,0,0,100,16000000,7178518.86,"2023/2024"
Victor Lindelöf","SWE","DF","Manchester Utd",29,1,1,18,2,0,0.8,14,11,15,0.29,89,18000000,18261814.13,"2023/2024"
Virgil van Dijk","NED","DF","Liverpool",32,2,2,26,1,1,2.1,31,34,35,0.4,90.9,32000000,43302556.03,"2023/2024"
Vitaliy Mykolenko","UKR","DF","Everton",24,2,0,23,1,0,1.5,60,32,28,0.22,74.4,28000000,17066584.92,"2023/2024"
Vitaly Janelt","GER","DF","Brentford",25,0,2,28,5,0,1.3,46,21,22,0.2,77.6,22000000,11655851.86,"2023/2024"
Vitinho","BRA","DF","Burnley",24,0,0,22,1,0,1,46,10,26,0.06,72.1,400000,11635008.1,"2023/2024"
Wataru Endo","JPN","MF","Liverpool",31,1,0,20,7,0,0.3,30,12,16,0.16,87.2,13000000,18980866.27,"2023/2024"
Wes Foderingham","ENG","GK","Sheffield Utd",33,0,0,25,2,0,0,3,0,0,0,55.6,900000,11402238.86,"2023/2024"
Will Hughes","ENG","MF","Crystal Palace",28,0,0,21,3,0,0.2,42,12,24,0.14,83.5,9000000,9232000.27,"2023/2024"
William Osula","DEN","FW","Sheffield Utd",20,0,0,18,4,0,1.6,2,2,3,0.86,47.6,3000000,7259052.06,"2023/2024"
William Saliba","FRA","DF","Arsenal",22,2,1,28,3,0,1.5,28,21,23,0.07,92.3,75000000,42850849.18,"2023/2024"
Willian","BRA","FW","Fulham",35,4,2,23,1,0,4.5,11,8,12,0.82,82.4,3000000,26818084.54,"2023/2024"
Willy Boly","CIV","DF","Nott'ham Forest",33,1,0,15,3,1,1.3,30,20,19,0.45,75,2500000,9993919.78,"2023/2024"
Willy Kambwala","FRA","DF","Manchester Utd",19,0,0,4,0,0,0,1,0,1,0,88.5,2000000,12282331.33,"2023/2024"
Wilson Odobert","FRA","MF","Burnley",19,3,1,19,2,0,1.4,14,4,20,0.58,75.7,10000000,20311214.92,"2023/2024"
Yasser Larouci","ALG","DF","Sheffield Utd",23,0,0,9,1,0,0.2,15,7,5,0.21,72.7,3000000,12883237.16,"2023/2024"
Yoane Wissa","COD","FW","Brentford",27,7,1,24,4,0,7.6,21,7,16,0.84,71.4,25000000,25515246,"2023/2024"
Youri Tielemans","BEL","MF","Aston Villa",26,1,4,24,1,0,1.1,24,9,17,0.26,80.3,20000000,19913313.25,"2023/2024"
Yves Bissouma","MLI","MF","Tottenham",27,0,0,19,7,2,1.2,60,28,23,0.24,92,30000000,33515032.42,"2023/2024"
Zeki Amdouni","SUI","FW","Burnley",23,4,1,26,1,0,4.2,25,7,20,0.97,78.3,15000000,18670813.32,"2023/2024"
Álex Moreno","ESP","DF","Aston Villa",30,2,0,15,2,0,1.1,15,11,7,0.41,79.7,10000000,15850151.31,"2023/2024"
